{
    "textures": {
        "particle": "block/dead_horn_coral",
        "tex": "block/dead_horn_coral"
    },
    "elements": [
        {   "from": [ 7, 9, 7 ],
            "to": [ 9, 13, 9 ],
            "faces": {
                "up":    { "uv": [ 7, 11, 9, 13 ], "texture": "#tex" },
                "north": { "uv": [  7, 3, 9, 7 ], "texture": "#tex" },
                "south": { "uv": [  7, 3, 9, 7 ], "texture": "#tex"},
                "west":  { "uv": [  7, 3, 9, 7], "texture": "#tex" },
                "east":  { "uv": [  7, 3, 9, 7 ], "texture": "#tex" }
            }
        },
        {   "from": [ 6, 5, 6 ],
            "to": [ 10, 9, 10 ],
            "faces": {
                "up":    { "uv": [ 7, 11, 9, 13 ], "texture": "#tex" },
                "north": { "uv": [  6, 7, 10, 11 ], "texture": "#tex" },
                "south": { "uv": [  6, 7, 10, 11 ], "texture": "#tex" },
                "west":  { "uv": [  6, 7, 10, 11], "texture": "#tex" },
                "east":  { "uv": [  6, 7, 10, 11 ], "texture": "#tex" }
            }
        },
        {   "from": [ 5, 1, 5 ],
            "to": [ 11, 5, 11 ],
            "faces": {
                "up":    { "uv": [ 7, 11, 9, 13 ], "texture": "#tex" },
                "north": { "uv": [  5, 11, 11, 15 ], "texture": "#tex" },
                "south": { "uv": [  5, 11, 11, 15 ], "texture": "#tex" },
                "west":  { "uv": [  5, 11, 11, 15], "texture": "#tex" },
                "east":  { "uv": [  5, 11, 11, 15 ], "texture": "#tex" }
            }
        },
        {   "from": [ 2, 0, 2 ],
            "to": [ 14, 1, 14 ],
            "faces": {
                "up":    { "uv": [ 7, 15, 9, 16  ], "texture": "#tex" },
                "north": { "uv": [  2, 15, 14, 16 ], "texture": "#tex"},
                "south": { "uv": [  2, 15, 14, 16 ], "texture": "#tex"},
                "west":  { "uv": [  2, 15, 14, 16], "texture": "#tex"},
                "east":  { "uv": [  2, 15, 14, 16 ], "texture": "#tex" }
            }
        }
    ]
}
