{
    "textures": {
        "particle": "block/spruce_planks_fence_side",        
        "texture": "block/spruce_planks_fence_post"
    },
    "elements": [
        {   "from": [ 7.3, 0, 7.3 ],
            "to": [ 8.7, 16, 8.7 ],
            "faces": {
                "down":  { "uv": [ 13, 0, 16, 3 ], "texture": "#texture", "cullface": "down" },
                "up":    { "uv": [ 13, 0, 16, 3 ], "texture": "#texture", "cullface": "up" },
                "north": { "uv": [ 0, 0, 3, 16 ], "texture": "#texture" },
                "south": { "uv": [ 0, 0, 3, 16 ], "texture": "#texture" },
                "west":  { "uv": [ 0, 0, 3, 16 ], "texture": "#texture" },
                "east":  { "uv": [ 0, 0, 3, 16 ], "texture": "#texture" }
            }
        }
    ]
}
