{
    "textures": {
        "particle": "block/spruce_planks_fence_side",
        "texture": "block/spruce_planks_fence_side"
    },
    "elements": [
        {   "from": [ 7.5, 14, 0 ],
            "to": [ 8.5, 15, 8 ],
            "faces": {
                "down":  { "uv": [ 7, 0, 9, 9 ], "texture": "#texture" },
                "up":    { "uv": [ 7, 0, 9, 9 ], "texture": "#texture" },
                "north": { "uv": [ 7, 1, 9, 4 ], "texture": "#texture", "cullface": "north" },
                "west":  { "uv": [ 0, 1, 9, 4 ], "texture": "#texture" },
                "east":  { "uv": [ 0, 1, 9, 4 ], "texture": "#texture" }
            },
            "__comment": "first bar"
        },
        {   "from": [ 7.5, 9, 0 ],
            "to": [ 8.5, 10, 8 ],
            "faces": {
                "down":  { "uv": [ 7, 0, 9,  9 ], "texture": "#texture" },
                "up":    { "uv": [ 7, 0, 9,  9 ], "texture": "#texture" },
                "north": { "uv": [ 7, 7, 9, 10 ], "texture": "#texture", "cullface": "north" },
                "west":  { "uv": [ 0, 7, 9, 10 ], "texture": "#texture" },
                "east":  { "uv": [ 0, 7, 9, 10 ], "texture": "#texture" }
            },
            "__comment": "second bar"
        },
        {   "from": [ 7.5, 4, 0 ],
            "to": [ 8.5, 5, 8 ],
            "faces": {
                "down":  { "uv": [ 7, 0, 9,  9 ], "texture": "#texture" },
                "up":    { "uv": [ 7, 0, 9,  9 ], "texture": "#texture" },
                "north": { "uv": [ 7, 7, 9, 10 ], "texture": "#texture", "cullface": "north" },
                "west":  { "uv": [ 0, 7, 9, 10 ], "texture": "#texture" },
                "east":  { "uv": [ 0, 7, 9, 10 ], "texture": "#texture" }
            },
            "__comment": "third bar"
        }
    ]
}
